Title,Zip,,
98101 Zip Code,98101,,
98102 Zip Code,98102,,
98104 Zip Code,98104,,
98105 Zip Code,98105,,
98108 Zip Code,98108,,
98109 Zip Code,98109,,
98112 Zip Code,98112,,
98113 Zip Code,98113,,
98114 Zip Code,98114,,
98117 Zip Code,98117,,
98103 Zip Code,98103,,
98106 Zip Code,98106,,
98107 Zip Code,98107,,
98111 Zip Code,98111,,
98115 Zip Code,98115,,
98116 Zip Code,98116,,
98118 Zip Code,98118,,
98119 Zip Code,98119,,
98121 Zip Code,98121,,
98125 Zip Code,98125,,
98126 Zip Code,98126,,
98132 Zip Code,98132,,
98133 Zip Code,98133,,
98138 Zip Code,98138,,
98139 Zip Code,98139,,
98141 Zip Code,98141,,
98122 Zip Code,98122,,
98124 Zip Code,98124,,
98127 Zip Code,98127,,
98129 Zip Code,98129,,
98131 Zip Code,98131,,
98134 Zip Code,98134,,
98136 Zip Code,98136,,
98144 Zip Code,98144,,
98145 Zip Code,98145,,
98148 Zip Code,98148,,
98155 Zip Code,98155,,
98160 Zip Code,98160,,
98161 Zip Code,98161,,
98164 Zip Code,98164,,
98165 Zip Code,98165,,
98168 Zip Code,98168,,
98170 Zip Code,98170,,
98146 Zip Code,98146,,
98154 Zip Code,98154,,
98158 Zip Code,98158,,
98166 Zip Code,98166,,
98174 Zip Code,98174,,
98175 Zip Code,98175,,
98178 Zip Code,98178,,
98190 Zip Code,98190,,
98191 Zip Code,98191,,
98177 Zip Code,98177,,
98181 Zip Code,98181,,
98185 Zip Code,98185,,
98188 Zip Code,98188,,
98189 Zip Code,98189,,
98194 Zip Code,98194,,
98195 Zip Code,98195,,
98199 Zip Code,98199,,
98198 Zip Code,98198,,